#node1	node2	node1_string_internal_id	node2_string_internal_id	node1_external_id	node2_external_id	neighborhood_on_chromosome	gene_fusion	phylogenetic_cooccurrence	homology	coexpression	experimentally_determined_interaction	database_annotated	automated_textmining	combined_score
Ctnna1	Ctnnb1	2101964	2093883	10090.ENSMUSP00000049007	10090.ENSMUSP00000007130	0	0	0	0	0.108	0.997	0.954	0.801	0.999
Gata4	Nkx2-5	2112450	2094303	10090.ENSMUSP00000113891	10090.ENSMUSP00000015723	0	0	0	0	0	0.904	0.628	0.988	0.999
Ttn	Tcap	2111579	2093939	10090.ENSMUSP00000107477	10090.ENSMUSP00000008021	0	0	0	0	0.681	0.955	0.900	0.899	0.999
Ttn	Actn2	2111579	2104973	10090.ENSMUSP00000107477	10090.ENSMUSP00000067708	0	0	0	0	0.842	0.775	0.900	0.309	0.997
Rpl14	Rps24	2114158	2113216	10090.ENSMUSP00000131489	10090.ENSMUSP00000125977	0	0	0	0	0.862	0.671	0.900	0.209	0.995
Col3a1	Col1a1	2107752	2093250	10090.ENSMUSP00000085192	10090.ENSMUSP00000001547	0	0	0	0.694	0.943	0	0.900	0.880	0.995
Pln	Atp2a2	2101341	2098192	10090.ENSMUSP00000045709	10090.ENSMUSP00000031423	0	0	0	0	0.155	0.848	0.800	0.836	0.995
Ctnnd1	Ctnna1	2104530	2101964	10090.ENSMUSP00000064518	10090.ENSMUSP00000049007	0	0	0	0	0.653	0.117	0.947	0.687	0.994
Myh6	Myl2	2107169	2094186	10090.ENSMUSP00000080538	10090.ENSMUSP00000014080	0	0	0	0	0.513	0.256	0.900	0.832	0.993
Igf2	Igf2r	2112474	2096043	10090.ENSMUSP00000114076	10090.ENSMUSP00000024599	0	0	0	0	0	0.914	0	0.921	0.992
Csrp3	Tcap	2098542	2093939	10090.ENSMUSP00000032658	10090.ENSMUSP00000008021	0	0	0	0	0.613	0.310	0	0.971	0.991
Csnk1a1	Ctnnb1	2113706	2093883	10090.ENSMUSP00000128871	10090.ENSMUSP00000007130	0	0	0	0	0.130	0.165	0.954	0.760	0.990
Atp1a1	Atp1b1	2100230	2097029	10090.ENSMUSP00000039657	10090.ENSMUSP00000027863	0	0	0	0	0.211	0.638	0.900	0.701	0.990
Myh7	Myl2	2110390	2094186	10090.ENSMUSP00000099867	10090.ENSMUSP00000014080	0	0	0	0	0.621	0.256	0.800	0.831	0.989
Ttn	Myl2	2111579	2094186	10090.ENSMUSP00000107477	10090.ENSMUSP00000014080	0	0	0	0	0.559	0.133	0.946	0.545	0.989
Myh6	Actn2	2107169	2104973	10090.ENSMUSP00000080538	10090.ENSMUSP00000067708	0	0	0	0	0.575	0.215	0.900	0.678	0.987
Actc1	Myh6	2108054	2107169	10090.ENSMUSP00000087736	10090.ENSMUSP00000080538	0	0	0	0	0.546	0.298	0.800	0.803	0.985
Gata4	Hand2	2112450	2101191	10090.ENSMUSP00000113891	10090.ENSMUSP00000044983	0	0	0	0	0	0.165	0	0.983	0.985
Actc1	Tpm1	2108054	2102447	10090.ENSMUSP00000087736	10090.ENSMUSP00000051888	0	0	0	0	0.390	0.535	0.800	0.781	0.985
Igf2	Igfbp5	2112474	2096879	10090.ENSMUSP00000114076	10090.ENSMUSP00000027377	0	0	0	0	0.105	0.164	0.900	0.814	0.984
Actn2	Tpm1	2104973	2102447	10090.ENSMUSP00000067708	10090.ENSMUSP00000051888	0	0	0	0	0.630	0.197	0.900	0.520	0.983
Rpl14	Gnb2l1	2114158	2094931	10090.ENSMUSP00000131489	10090.ENSMUSP00000020640	0	0	0	0	0.967	0.422	0	0.074	0.981
Hand2	Nkx2-5	2101191	2094303	10090.ENSMUSP00000044983	10090.ENSMUSP00000015723	0	0	0	0	0	0.565	0.628	0.897	0.981
Actn2	Tcap	2104973	2093939	10090.ENSMUSP00000067708	10090.ENSMUSP00000008021	0	0	0	0	0.628	0	0.900	0.523	0.980
Rps24	Gnb2l1	2113216	2094931	10090.ENSMUSP00000125977	10090.ENSMUSP00000020640	0	0	0	0	0.817	0.894	0	0.082	0.980
Myh6	Tpm1	2107169	2102447	10090.ENSMUSP00000080538	10090.ENSMUSP00000051888	0	0	0	0	0.400	0.270	0.900	0.615	0.980
Myh7	Actc1	2110390	2108054	10090.ENSMUSP00000099867	10090.ENSMUSP00000087736	0	0	0	0	0.166	0.298	0.800	0.845	0.979
Actn2	Myl2	2104973	2094186	10090.ENSMUSP00000067708	10090.ENSMUSP00000014080	0	0	0	0	0.568	0.093	0.900	0.523	0.978
Tpm1	Myl2	2102447	2094186	10090.ENSMUSP00000051888	10090.ENSMUSP00000014080	0	0	0	0	0.485	0.113	0.900	0.574	0.977
Lrrfip1	Ctnnb1	2109150	2093883	10090.ENSMUSP00000095254	10090.ENSMUSP00000007130	0	0	0	0	0	0.164	0.900	0.730	0.975
Dync1i2	Pafah1b1	2109848	2095073	10090.ENSMUSP00000097605	10090.ENSMUSP00000021091	0	0	0	0	0	0.270	0.900	0.639	0.971
Actc1	Myl2	2108054	2094186	10090.ENSMUSP00000087736	10090.ENSMUSP00000014080	0	0	0	0	0.483	0.165	0.800	0.701	0.970
Actn2	Ctnna1	2104973	2101964	10090.ENSMUSP00000067708	10090.ENSMUSP00000049007	0	0	0	0	0	0.265	0.882	0.669	0.969
Mybpc3	Myl2	2113406	2094186	10090.ENSMUSP00000127070	10090.ENSMUSP00000014080	0	0	0	0	0.428	0	0.900	0.496	0.968
Myl2	Tcap	2094186	2093939	10090.ENSMUSP00000014080	10090.ENSMUSP00000008021	0	0	0	0	0.482	0	0.900	0.434	0.968
Ttn	Myh6	2111579	2107169	10090.ENSMUSP00000107477	10090.ENSMUSP00000080538	0	0	0	0	0.558	0	0.900	0.309	0.966
Actn2	Ldb3	2104973	2095468	10090.ENSMUSP00000067708	10090.ENSMUSP00000022327	0	0	0	0	0.653	0.773	0	0.593	0.965
Ttn	Trim63	2111579	2110754	10090.ENSMUSP00000107477	10090.ENSMUSP00000101501	0	0	0	0	0.374	0.904	0	0.478	0.965
Myoz2	Tcap	2097637	2093939	10090.ENSMUSP00000029761	10090.ENSMUSP00000008021	0	0	0	0	0.707	0.594	0	0.715	0.963
Mybpc3	Myh6	2113406	2107169	10090.ENSMUSP00000127070	10090.ENSMUSP00000080538	0	0	0	0	0.546	0.073	0.900	0.188	0.961
Actn2	Myoz2	2104973	2097637	10090.ENSMUSP00000067708	10090.ENSMUSP00000029761	0	0	0	0	0.808	0.583	0	0.562	0.961
Myl9	Tpm1	2107840	2102447	10090.ENSMUSP00000085913	10090.ENSMUSP00000051888	0	0	0	0	0.282	0.113	0.900	0.470	0.961
Mybpc3	Ttn	2113406	2111579	10090.ENSMUSP00000127070	10090.ENSMUSP00000107477	0	0	0	0.653	0.311	0.381	0.900	0.438	0.960
Gata4	Gata6	2112450	2100611	10090.ENSMUSP00000113891	10090.ENSMUSP00000041774	0	0	0	0.877	0	0.565	0.900	0.986	0.960
Tpm1	Tcap	2102447	2093939	10090.ENSMUSP00000051888	10090.ENSMUSP00000008021	0	0	0	0	0.332	0	0.900	0.444	0.959
Myh6	Tcap	2107169	2093939	10090.ENSMUSP00000080538	10090.ENSMUSP00000008021	0	0	0	0	0.483	0	0.900	0.278	0.959
Ttn	Tpm1	2111579	2102447	10090.ENSMUSP00000107477	10090.ENSMUSP00000051888	0	0	0	0	0.480	0	0.900	0.268	0.958
Myh6	Myl4	2107169	2094566	10090.ENSMUSP00000080538	10090.ENSMUSP00000018800	0	0	0	0	0.151	0.198	0.900	0.446	0.957
Actn2	Des	2104973	2096890	10090.ENSMUSP00000067708	10090.ENSMUSP00000027409	0	0	0	0	0.501	0.080	0.900	0.109	0.953
Ttn	Des	2111579	2096890	10090.ENSMUSP00000107477	10090.ENSMUSP00000027409	0	0	0	0	0.490	0	0.900	0.136	0.952
Postn	Col1a1	2105774	2093250	10090.ENSMUSP00000072773	10090.ENSMUSP00000001547	0	0	0	0	0.489	0.077	0	0.902	0.950
Nkx2-5	Myl2	2094303	2094186	10090.ENSMUSP00000015723	10090.ENSMUSP00000014080	0	0	0	0	0.131	0	0.628	0.855	0.949
Vcan	Dcn	2111276	2110657	10090.ENSMUSP00000105173	10090.ENSMUSP00000100924	0	0	0	0	0	0	0.900	0.513	0.949
Tpm1	Des	2102447	2096890	10090.ENSMUSP00000051888	10090.ENSMUSP00000027409	0	0	0	0	0.401	0	0.900	0.203	0.948
Cald1	Myl9	2112037	2107840	10090.ENSMUSP00000110673	10090.ENSMUSP00000085913	0	0	0	0	0.211	0.087	0.900	0.352	0.947
Des	Tcap	2096890	2093939	10090.ENSMUSP00000027409	10090.ENSMUSP00000008021	0	0	0	0	0.440	0	0.900	0.122	0.946
Des	Myl2	2096890	2094186	10090.ENSMUSP00000027409	10090.ENSMUSP00000014080	0	0	0	0	0.379	0.065	0.900	0.176	0.945
Tpm1	Myl12b	2102447	2100738	10090.ENSMUSP00000051888	10090.ENSMUSP00000042364	0	0	0	0	0.122	0.113	0.900	0.370	0.944
Mybpc3	Tpm1	2113406	2102447	10090.ENSMUSP00000127070	10090.ENSMUSP00000051888	0	0	0	0	0.205	0	0.900	0.360	0.944
Actn2	Spnb2	2104973	2093827	10090.ENSMUSP00000067708	10090.ENSMUSP00000006629	0	0	0	0.819	0	0.064	0.939	0.219	0.942
Cald1	Tpm1	2112037	2102447	10090.ENSMUSP00000110673	10090.ENSMUSP00000051888	0	0	0	0	0.142	0	0.900	0.337	0.938
Csrp3	Myoz2	2098542	2097637	10090.ENSMUSP00000032658	10090.ENSMUSP00000029761	0	0	0	0	0.829	0	0	0.650	0.937
Myh6	Des	2107169	2096890	10090.ENSMUSP00000080538	10090.ENSMUSP00000027409	0	0	0	0	0.241	0	0.900	0.246	0.937
Ctnnd1	Ctnnb1	2104530	2093883	10090.ENSMUSP00000064518	10090.ENSMUSP00000007130	0	0	0	0.611	0	0.820	0.559	0.559	0.935
Myoz2	Ldb3	2097637	2095468	10090.ENSMUSP00000029761	10090.ENSMUSP00000022327	0	0	0	0	0.797	0.157	0	0.648	0.934
Mybpc3	Tcap	2113406	2093939	10090.ENSMUSP00000127070	10090.ENSMUSP00000008021	0	0	0	0	0.134	0	0.900	0.276	0.931
Actn2	Myl4	2104973	2094566	10090.ENSMUSP00000067708	10090.ENSMUSP00000018800	0	0	0	0	0.190	0.063	0.900	0.200	0.931
Mybpc3	Actn2	2113406	2104973	10090.ENSMUSP00000127070	10090.ENSMUSP00000067708	0	0	0	0	0.291	0	0.900	0.107	0.931
Tpm1	Myl4	2102447	2094566	10090.ENSMUSP00000051888	10090.ENSMUSP00000018800	0	0	0	0	0.110	0.197	0.900	0.122	0.928
Dync1i2	Dctn6	2109848	2098922	10090.ENSMUSP00000097605	10090.ENSMUSP00000033913	0	0	0	0	0.142	0	0.900	0.225	0.927
Col18a1	Col3a1	2110681	2107752	10090.ENSMUSP00000101049	10090.ENSMUSP00000085192	0	0	0	0.611	0.171	0	0.900	0.400	0.926
Mybpc3	Des	2113406	2096890	10090.ENSMUSP00000127070	10090.ENSMUSP00000027409	0	0	0	0	0.219	0	0.900	0.122	0.925
Ttn	Myl4	2111579	2094566	10090.ENSMUSP00000107477	10090.ENSMUSP00000018800	0	0	0	0	0.146	0.098	0.900	0.142	0.925
Myl4	Myl2	2094566	2094186	10090.ENSMUSP00000018800	10090.ENSMUSP00000014080	0	0	0	0.716	0.113	0.067	0.900	0.586	0.924
Col18a1	Col1a1	2110681	2093250	10090.ENSMUSP00000101049	10090.ENSMUSP00000001547	0	0	0	0.615	0.124	0	0.900	0.427	0.922
Actc1	Myl4	2108054	2094566	10090.ENSMUSP00000087736	10090.ENSMUSP00000018800	0	0	0	0	0.144	0.165	0.800	0.500	0.919
Des	Myl4	2096890	2094566	10090.ENSMUSP00000027409	10090.ENSMUSP00000018800	0	0	0	0	0.163	0.105	0.900	0	0.918
Myl9	Myl12b	2107840	2100738	10090.ENSMUSP00000085913	10090.ENSMUSP00000042364	0	0	0	0.986	0.143	0.114	0.900	0.318	0.917
Cald1	Myl12b	2112037	2100738	10090.ENSMUSP00000110673	10090.ENSMUSP00000042364	0	0	0	0	0	0.087	0.900	0.168	0.917
Gata4	Gja5	2112450	2108127	10090.ENSMUSP00000113891	10090.ENSMUSP00000088264	0	0	0	0	0	0	0	0.916	0.916
Actc1	Actn2	2108054	2104973	10090.ENSMUSP00000087736	10090.ENSMUSP00000067708	0	0	0	0	0.456	0.260	0.490	0.630	0.914
Myl4	Tcap	2094566	2093939	10090.ENSMUSP00000018800	10090.ENSMUSP00000008021	0	0	0	0	0.132	0	0.900	0.059	0.911
Casq2	Ryr2	2097519	2095277	10090.ENSMUSP00000029454	10090.ENSMUSP00000021750	0	0	0	0	0.327	0	0	0.872	0.910
Gata4	Myl2	2112450	2094186	10090.ENSMUSP00000113891	10090.ENSMUSP00000014080	0	0	0	0	0	0.067	0.628	0.752	0.906
Mybpc3	Myh7	2113406	2110390	10090.ENSMUSP00000127070	10090.ENSMUSP00000099867	0	0	0	0	0	0.073	0.800	0.537	0.906
Mybpc3	Myl4	2113406	2094566	10090.ENSMUSP00000127070	10090.ENSMUSP00000018800	0	0	0	0	0	0	0.900	0.094	0.905
Csrp3	Ldb3	2098542	2095468	10090.ENSMUSP00000032658	10090.ENSMUSP00000022327	0	0	0	0	0.760	0	0	0.617	0.904
Actn2	App	2104973	2093694	10090.ENSMUSP00000067708	10090.ENSMUSP00000005406	0	0	0	0	0	0	0.900	0.066	0.902
Tmsb4x	Actn2	2111622	2104973	10090.ENSMUSP00000107795	10090.ENSMUSP00000067708	0	0	0	0	0	0	0.900	0.053	0.901
Tmsb4x	App	2111622	2093694	10090.ENSMUSP00000107795	10090.ENSMUSP00000005406	0	0	0	0	0	0	0.900	0	0.900
Igf2	Actn2	2112474	2104973	10090.ENSMUSP00000114076	10090.ENSMUSP00000067708	0	0	0	0	0	0	0.900	0	0.900
Rpl14	Ssr3	2114158	2097500	10090.ENSMUSP00000131489	10090.ENSMUSP00000029414	0	0	0	0	0	0	0.900	0	0.900
Igf2	Tmsb4x	2112474	2111622	10090.ENSMUSP00000114076	10090.ENSMUSP00000107795	0	0	0	0	0	0	0.900	0	0.900
Rps24	Ssr3	2113216	2097500	10090.ENSMUSP00000125977	10090.ENSMUSP00000029414	0	0	0	0	0	0	0.900	0	0.900
Igf2	App	2112474	2093694	10090.ENSMUSP00000114076	10090.ENSMUSP00000005406	0	0	0	0	0	0	0.900	0	0.900
Gata4	Hey2	2112450	2094709	10090.ENSMUSP00000113891	10090.ENSMUSP00000019924	0	0	0	0	0	0.570	0.559	0.512	0.899
Myh7	Tpm1	2110390	2102447	10090.ENSMUSP00000099867	10090.ENSMUSP00000051888	0	0	0	0	0.495	0.270	0	0.747	0.898
Gata6	Nkx2-5	2100611	2094303	10090.ENSMUSP00000041774	10090.ENSMUSP00000015723	0	0	0	0	0	0.065	0	0.894	0.897
Csrp3	Myl2	2098542	2094186	10090.ENSMUSP00000032658	10090.ENSMUSP00000014080	0	0	0	0	0.785	0	0	0.533	0.895
Gata6	Hey2	2100611	2094709	10090.ENSMUSP00000041774	10090.ENSMUSP00000019924	0	0	0	0	0	0.115	0.559	0.741	0.890
Parva	Lims1	2098656	2094759	10090.ENSMUSP00000033030	10090.ENSMUSP00000020077	0	0	0	0	0.110	0.523	0.559	0.464	0.886
Csrp3	Mb	2098542	2094593	10090.ENSMUSP00000032658	10090.ENSMUSP00000019037	0	0	0	0	0.876	0	0	0	0.876
Itga5	Col1a1	2095736	2093250	10090.ENSMUSP00000023128	10090.ENSMUSP00000001547	0	0	0	0	0.108	0.165	0.800	0.270	0.876
Col3a1	Itga5	2107752	2095736	10090.ENSMUSP00000085192	10090.ENSMUSP00000023128	0	0	0	0	0.108	0.154	0.800	0.273	0.875
Myh6	Pln	2107169	2101341	10090.ENSMUSP00000080538	10090.ENSMUSP00000045709	0	0	0	0	0.860	0	0	0.135	0.873
Atp2a2	Ryr2	2098192	2095277	10090.ENSMUSP00000031423	10090.ENSMUSP00000021750	0	0	0	0	0.108	0	0	0.858	0.868
Cav3	Gja1	2106166	2104535	10090.ENSMUSP00000074922	10090.ENSMUSP00000064536	0	0	0	0	0	0	0	0.865	0.865
Ldb3	Tcap	2095468	2093939	10090.ENSMUSP00000022327	10090.ENSMUSP00000008021	0	0	0	0	0.624	0	0	0.650	0.862
Hif1a	Gnb2l1	2095207	2094931	10090.ENSMUSP00000021530	10090.ENSMUSP00000020640	0	0	0	0	0	0.298	0.463	0.645	0.854
Col3a1	Postn	2107752	2105774	10090.ENSMUSP00000085192	10090.ENSMUSP00000072773	0	0	0	0	0.709	0.077	0	0.487	0.850
Fhl2	Ctnnb1	2093949	2093883	10090.ENSMUSP00000008280	10090.ENSMUSP00000007130	0	0	0	0	0	0.100	0	0.835	0.845
Ttn	Ldb3	2111579	2095468	10090.ENSMUSP00000107477	10090.ENSMUSP00000022327	0	0	0	0	0.703	0	0	0.489	0.842
Myh6	Csrp3	2107169	2098542	10090.ENSMUSP00000080538	10090.ENSMUSP00000032658	0	0	0	0	0.701	0	0	0.490	0.841
Slc8a1	Atp1a1	2107595	2100230	10090.ENSMUSP00000083725	10090.ENSMUSP00000039657	0	0	0	0	0	0.773	0	0.323	0.840
Actn2	Csrp3	2104973	2098542	10090.ENSMUSP00000067708	10090.ENSMUSP00000032658	0	0	0	0	0.649	0.085	0	0.525	0.834
Myh7	Actn2	2110390	2104973	10090.ENSMUSP00000099867	10090.ENSMUSP00000067708	0	0	0	0	0.545	0.215	0	0.553	0.826
Ppp2r3a	Ryr2	2106238	2095277	10090.ENSMUSP00000075327	10090.ENSMUSP00000021750	0	0	0	0	0	0	0.800	0.161	0.825
Parva	Itga5	2098656	2095736	10090.ENSMUSP00000033030	10090.ENSMUSP00000023128	0	0	0	0	0	0	0.800	0.159	0.824
Casq2	Ankrd1	2097519	2096387	10090.ENSMUSP00000029454	10090.ENSMUSP00000025718	0	0	0	0	0.206	0.165	0	0.752	0.821
Mb	Tcap	2094593	2093939	10090.ENSMUSP00000019037	10090.ENSMUSP00000008021	0	0	0	0	0.805	0	0	0.088	0.814
Gata4	Actc1	2112450	2108054	10090.ENSMUSP00000113891	10090.ENSMUSP00000087736	0	0	0	0	0	0.086	0.527	0.598	0.811
Ttn	Csrp3	2111579	2098542	10090.ENSMUSP00000107477	10090.ENSMUSP00000032658	0	0	0	0	0.639	0	0	0.493	0.810
Ttn	Myoz2	2111579	2097637	10090.ENSMUSP00000107477	10090.ENSMUSP00000029761	0	0	0	0	0.722	0	0	0.340	0.808
Dcn	Lpl	2110657	2094301	10090.ENSMUSP00000100924	10090.ENSMUSP00000015712	0	0	0	0	0	0	0	0.807	0.807
Gata4	Tbx20	2112450	2102578	10090.ENSMUSP00000113891	10090.ENSMUSP00000052591	0	0	0	0	0	0	0	0.801	0.801
Actn2	Itga5	2104973	2095736	10090.ENSMUSP00000067708	10090.ENSMUSP00000023128	0	0	0	0	0	0	0.800	0	0.800
Lmo7	Actn2	2109908	2104973	10090.ENSMUSP00000097910	10090.ENSMUSP00000067708	0	0	0	0	0	0	0.800	0	0.800
Pln	Ldb3	2101341	2095468	10090.ENSMUSP00000045709	10090.ENSMUSP00000022327	0	0	0	0	0.782	0	0	0.123	0.800
Myh6	Myom1	2107169	2105809	10090.ENSMUSP00000080538	10090.ENSMUSP00000072945	0	0	0	0	0.460	0.073	0.540	0.234	0.800
Tbx20	Nkx2-5	2102578	2094303	10090.ENSMUSP00000052591	10090.ENSMUSP00000015723	0	0	0	0	0	0	0	0.798	0.798
Myh6	Nkx2-5	2107169	2094303	10090.ENSMUSP00000080538	10090.ENSMUSP00000015723	0	0	0	0	0.130	0	0	0.775	0.796
Actc1	Csrp3	2108054	2098542	10090.ENSMUSP00000087736	10090.ENSMUSP00000032658	0	0	0	0	0.554	0	0	0.562	0.796
Gja1	Ctnnb1	2104535	2093883	10090.ENSMUSP00000064536	10090.ENSMUSP00000007130	0	0	0	0	0	0.120	0.628	0.400	0.786
Ankrd1	Nkx2-5	2096387	2094303	10090.ENSMUSP00000025718	10090.ENSMUSP00000015723	0	0	0	0	0	0	0	0.779	0.779
Tns1	Ctnna1	2113509	2101964	10090.ENSMUSP00000127715	10090.ENSMUSP00000049007	0	0	0	0	0.071	0	0.419	0.624	0.779
Gata4	Myh6	2112450	2107169	10090.ENSMUSP00000113891	10090.ENSMUSP00000080538	0	0	0	0	0	0	0	0.777	0.777
Mybpc3	Nppb	2113406	2110233	10090.ENSMUSP00000127070	10090.ENSMUSP00000099521	0	0	0	0	0.452	0	0	0.591	0.766
Actc1	Cap2	2108054	2095295	10090.ENSMUSP00000087736	10090.ENSMUSP00000021802	0	0	0	0	0.226	0.527	0	0.405	0.763
Dcn	Col3a1	2110657	2107752	10090.ENSMUSP00000100924	10090.ENSMUSP00000085192	0	0	0	0	0.659	0.111	0	0.275	0.761
Myoz2	Mb	2097637	2094593	10090.ENSMUSP00000029761	10090.ENSMUSP00000019037	0	0	0	0	0.760	0	0	0	0.760
Psmd7	Rad23b	2100663	2097757	10090.ENSMUSP00000041968	10090.ENSMUSP00000030134	0	0	0	0	0.110	0.622	0	0.339	0.758
Col18a1	Itga5	2110681	2095736	10090.ENSMUSP00000101049	10090.ENSMUSP00000023128	0	0	0	0	0	0.372	0.559	0.196	0.758
Atp2a2	Myl2	2098192	2094186	10090.ENSMUSP00000031423	10090.ENSMUSP00000014080	0	0	0	0	0.451	0.073	0	0.561	0.757
Ldb3	Mb	2095468	2094593	10090.ENSMUSP00000022327	10090.ENSMUSP00000019037	0	0	0	0	0.755	0	0	0	0.755
Myh7	Atp2a2	2110390	2098192	10090.ENSMUSP00000099867	10090.ENSMUSP00000031423	0	0	0	0	0.363	0.065	0	0.619	0.753
Gja5	Nkx2-5	2108127	2094303	10090.ENSMUSP00000088264	10090.ENSMUSP00000015723	0	0	0	0	0	0	0	0.753	0.753
Myh6	Ldb3	2107169	2095468	10090.ENSMUSP00000080538	10090.ENSMUSP00000022327	0	0	0	0	0.691	0.094	0	0.175	0.749
Tpm1	Csrp3	2102447	2098542	10090.ENSMUSP00000051888	10090.ENSMUSP00000032658	0	0	0	0	0.503	0	0	0.513	0.748
Myoz2	Myl2	2097637	2094186	10090.ENSMUSP00000029761	10090.ENSMUSP00000014080	0	0	0	0	0.585	0	0	0.413	0.746
Pln	Ryr2	2101341	2095277	10090.ENSMUSP00000045709	10090.ENSMUSP00000021750	0	0	0	0	0.529	0	0	0.482	0.745
Ttn	Ankrd1	2111579	2096387	10090.ENSMUSP00000107477	10090.ENSMUSP00000025718	0	0	0	0	0.113	0.577	0	0.360	0.739
Srl	Ldb3	2095751	2095468	10090.ENSMUSP00000023161	10090.ENSMUSP00000022327	0	0	0	0	0.738	0	0	0.046	0.739
Tns1	Actn2	2113509	2104973	10090.ENSMUSP00000127715	10090.ENSMUSP00000067708	0	0	0	0	0	0.244	0.628	0.129	0.733
Gja1	Ctnnd1	2104535	2104530	10090.ENSMUSP00000064536	10090.ENSMUSP00000064518	0	0	0	0	0	0	0.559	0.417	0.732
Ttn	Srl	2111579	2095751	10090.ENSMUSP00000107477	10090.ENSMUSP00000023161	0	0	0	0	0.730	0	0	0	0.730
Myh6	Ryr2	2107169	2095277	10090.ENSMUSP00000080538	10090.ENSMUSP00000021750	0	0	0	0	0.540	0	0	0.435	0.729
Myh7	Myoz2	2110390	2097637	10090.ENSMUSP00000099867	10090.ENSMUSP00000029761	0	0	0	0	0.550	0	0	0.416	0.726
Ttn	Myom1	2111579	2105809	10090.ENSMUSP00000107477	10090.ENSMUSP00000072945	0	0	0	0.630	0.604	0.114	0	0.687	0.725
Gja1	Nkx2-5	2104535	2094303	10090.ENSMUSP00000064536	10090.ENSMUSP00000015723	0	0	0	0	0	0	0	0.719	0.719
Sept7	Srsf7	2113498	2105431	10090.ENSMUSP00000127641	10090.ENSMUSP00000070983	0	0	0	0	0.311	0.593	0	0.075	0.717
Ttn	Mb	2111579	2094593	10090.ENSMUSP00000107477	10090.ENSMUSP00000019037	0	0	0	0	0.684	0	0	0.141	0.717
Tns1	Parva	2113509	2098656	10090.ENSMUSP00000127715	10090.ENSMUSP00000033030	0	0	0	0	0	0	0.559	0.385	0.717
Grb10	Igf2r	2108441	2096043	10090.ENSMUSP00000091011	10090.ENSMUSP00000024599	0	0	0	0	0	0	0	0.716	0.716
Csrp3	Lmod2	2098542	2098279	10090.ENSMUSP00000032658	10090.ENSMUSP00000031694	0	0	0	0	0.634	0	0	0.254	0.715
Myh7	Csrp3	2110390	2098542	10090.ENSMUSP00000099867	10090.ENSMUSP00000032658	0	0	0	0	0.301	0	0	0.602	0.710
Actn2	Srl	2104973	2095751	10090.ENSMUSP00000067708	10090.ENSMUSP00000023161	0	0	0	0	0.683	0.071	0	0.087	0.708
Cav3	Ryr2	2106166	2095277	10090.ENSMUSP00000074922	10090.ENSMUSP00000021750	0	0	0	0	0.073	0	0	0.695	0.706
Hand2	Hey2	2101191	2094709	10090.ENSMUSP00000044983	10090.ENSMUSP00000019924	0	0	0	0	0	0.558	0	0.362	0.706
Casq2	Srl	2097519	2095751	10090.ENSMUSP00000029454	10090.ENSMUSP00000023161	0	0	0	0	0.531	0	0	0.397	0.705
Lmod2	Tcap	2098279	2093939	10090.ENSMUSP00000031694	10090.ENSMUSP00000008021	0	0	0	0	0.560	0	0	0.354	0.704
Atp2a2	Srl	2098192	2095751	10090.ENSMUSP00000031423	10090.ENSMUSP00000023161	0	0	0	0	0.500	0.064	0	0.415	0.702
Ttn	Lmod2	2111579	2098279	10090.ENSMUSP00000107477	10090.ENSMUSP00000031694	0	0	0	0	0.688	0	0	0.083	0.702
Actn2	Mb	2104973	2094593	10090.ENSMUSP00000067708	10090.ENSMUSP00000019037	0	0	0	0	0.700	0	0	0	0.700
Pln	Casq2	2101341	2097519	10090.ENSMUSP00000045709	10090.ENSMUSP00000029454	0	0	0	0	0.552	0	0	0.354	0.698
Mybpc3	Myom1	2113406	2105809	10090.ENSMUSP00000127070	10090.ENSMUSP00000072945	0	0	0	0.614	0.337	0	0.540	0.151	0.696
Myh6	Atp2a2	2107169	2098192	10090.ENSMUSP00000080538	10090.ENSMUSP00000031423	0	0	0	0	0.108	0.065	0	0.662	0.693
Hspa9	Vdac3	2096219	2093985	10090.ENSMUSP00000025217	10090.ENSMUSP00000009036	0	0	0	0	0.204	0.113	0	0.599	0.693
Lrrc10	Prkar1a	2105897	2103250	10090.ENSMUSP00000073502	10090.ENSMUSP00000056500	0	0	0	0	0	0.237	0	0.613	0.692
Dcn	Prkar1a	2110657	2103250	10090.ENSMUSP00000100924	10090.ENSMUSP00000056500	0	0	0	0	0	0.237	0	0.613	0.692
Actn2	Pygm	2104973	2101675	10090.ENSMUSP00000067708	10090.ENSMUSP00000047564	0	0	0	0	0.651	0.091	0	0.094	0.688
Trim63	Tcap	2110754	2093939	10090.ENSMUSP00000101501	10090.ENSMUSP00000008021	0	0	0	0	0.228	0.165	0	0.553	0.686
Ttn	Actc1	2111579	2108054	10090.ENSMUSP00000107477	10090.ENSMUSP00000087736	0	0	0	0	0.479	0.167	0	0.332	0.685
Myoz2	Casq2	2097637	2097519	10090.ENSMUSP00000029761	10090.ENSMUSP00000029454	0	0	0	0	0.560	0	0	0.307	0.682
Myh6	Myoz2	2107169	2097637	10090.ENSMUSP00000080538	10090.ENSMUSP00000029761	0	0	0	0	0.569	0	0	0.290	0.681
Myh7	Tead1	2110390	2103942	10090.ENSMUSP00000099867	10090.ENSMUSP00000060671	0	0	0	0	0	0.134	0	0.644	0.679
Csrp3	Ankrd1	2098542	2096387	10090.ENSMUSP00000032658	10090.ENSMUSP00000025718	0	0	0	0	0.303	0	0	0.559	0.679
Hif1a	Ctnnb1	2095207	2093883	10090.ENSMUSP00000021530	10090.ENSMUSP00000007130	0	0	0	0	0.108	0.098	0	0.632	0.678
Actc1	Ldb3	2108054	2095468	10090.ENSMUSP00000087736	10090.ENSMUSP00000022327	0	0	0	0	0.525	0	0	0.350	0.678
Actn2	Ctnnb1	2104973	2093883	10090.ENSMUSP00000067708	10090.ENSMUSP00000007130	0	0	0	0	0	0.270	0.466	0.230	0.673
Dctn6	Pafah1b1	2098922	2095073	10090.ENSMUSP00000033913	10090.ENSMUSP00000021091	0	0	0	0	0	0	0.628	0.153	0.671
Csrp3	Srl	2098542	2095751	10090.ENSMUSP00000032658	10090.ENSMUSP00000023161	0	0	0	0	0.609	0	0	0.190	0.669
Casq2	Myl2	2097519	2094186	10090.ENSMUSP00000029454	10090.ENSMUSP00000014080	0	0	0	0	0.523	0	0	0.329	0.667
Myh6	Casq2	2107169	2097519	10090.ENSMUSP00000080538	10090.ENSMUSP00000029454	0	0	0	0	0.513	0	0	0.342	0.666
Tpm1	Ldb3	2102447	2095468	10090.ENSMUSP00000051888	10090.ENSMUSP00000022327	0	0	0	0	0.546	0.095	0	0.250	0.665
Atp2a2	Casq2	2098192	2097519	10090.ENSMUSP00000031423	10090.ENSMUSP00000029454	0	0	0	0	0.122	0	0	0.630	0.661
Atp5o	Vdac3	2095906	2093985	10090.ENSMUSP00000023677	10090.ENSMUSP00000009036	0	0	0	0	0.523	0.142	0	0.236	0.660
Lmod2	Ldb3	2098279	2095468	10090.ENSMUSP00000031694	10090.ENSMUSP00000022327	0	0	0	0	0.647	0	0	0.074	0.659
Myh7	Myl9	2110390	2107840	10090.ENSMUSP00000099867	10090.ENSMUSP00000085913	0	0	0	0	0.082	0.264	0	0.535	0.658
Lmod2	Myoz2	2098279	2097637	10090.ENSMUSP00000031694	10090.ENSMUSP00000029761	0	0	0	0	0.657	0	0	0	0.657
Ttn	Pln	2111579	2101341	10090.ENSMUSP00000107477	10090.ENSMUSP00000045709	0	0	0	0	0.499	0	0	0.344	0.657
Ankrd1	Ldb3	2096387	2095468	10090.ENSMUSP00000025718	10090.ENSMUSP00000022327	0	0	0	0	0.234	0.113	0	0.531	0.654
Ttn	Myl12b	2111579	2100738	10090.ENSMUSP00000107477	10090.ENSMUSP00000042364	0	0	0	0	0.083	0.251	0	0.535	0.652
Ttn	Myl9	2111579	2107840	10090.ENSMUSP00000107477	10090.ENSMUSP00000085913	0	0	0	0	0.083	0.251	0	0.535	0.652
Myom1	Ldb3	2105809	2095468	10090.ENSMUSP00000072945	10090.ENSMUSP00000022327	0	0	0	0	0.640	0	0	0.075	0.652
Ttn	Myl12a	2111579	2096106	10090.ENSMUSP00000107477	10090.ENSMUSP00000024846	0	0	0	0	0.083	0.251	0	0.535	0.652
Actc1	Myoz2	2108054	2097637	10090.ENSMUSP00000087736	10090.ENSMUSP00000029761	0	0	0	0	0.555	0	0	0.246	0.650
Ldb3	Myl2	2095468	2094186	10090.ENSMUSP00000022327	10090.ENSMUSP00000014080	0	0	0	0	0.537	0.125	0	0.194	0.645
Myh7	Myl12b	2110390	2100738	10090.ENSMUSP00000099867	10090.ENSMUSP00000042364	0	0	0	0	0.082	0.264	0	0.510	0.640
Lmnb1	Tmpo	2096312	2094774	10090.ENSMUSP00000025486	10090.ENSMUSP00000020123	0	0	0	0	0.225	0.417	0	0.266	0.640
Gata4	Myh7	2112450	2110390	10090.ENSMUSP00000113891	10090.ENSMUSP00000099867	0	0	0	0	0	0	0	0.640	0.640
Ndufa10	Atp5o	2096913	2095906	10090.ENSMUSP00000027478	10090.ENSMUSP00000023677	0	0	0	0	0.482	0	0	0.329	0.637
Ttn	Casq2	2111579	2097519	10090.ENSMUSP00000107477	10090.ENSMUSP00000029454	0	0	0	0	0.524	0	0	0.267	0.636
Gata4	Gja1	2112450	2104535	10090.ENSMUSP00000113891	10090.ENSMUSP00000064536	0	0	0	0	0	0	0	0.636	0.636
Actn2	Mlip	2104973	2099292	10090.ENSMUSP00000067708	10090.ENSMUSP00000034910	0	0	0	0	0.494	0	0	0.309	0.635
Pygm	Ldb3	2101675	2095468	10090.ENSMUSP00000047564	10090.ENSMUSP00000022327	0	0	0	0	0.632	0	0	0.045	0.634
Id2	Ctnnb1	2095028	2093883	10090.ENSMUSP00000020974	10090.ENSMUSP00000007130	0	0	0	0	0	0	0.559	0.203	0.633
Pygm	Tcap	2101675	2093939	10090.ENSMUSP00000047564	10090.ENSMUSP00000008021	0	0	0	0	0.581	0	0	0.162	0.633
Myh7	Tcap	2110390	2093939	10090.ENSMUSP00000099867	10090.ENSMUSP00000008021	0	0	0	0	0.173	0	0	0.567	0.627
Csrp3	Atp2a2	2098542	2098192	10090.ENSMUSP00000032658	10090.ENSMUSP00000031423	0	0	0	0	0.244	0	0	0.526	0.626
Trim55	Tcap	2097428	2093939	10090.ENSMUSP00000029139	10090.ENSMUSP00000008021	0	0	0	0	0.075	0	0	0.611	0.624
Cox8b	Mb	2096656	2094593	10090.ENSMUSP00000026561	10090.ENSMUSP00000019037	0	0	0	0	0.624	0	0	0	0.624
Mb	Myl2	2094593	2094186	10090.ENSMUSP00000019037	10090.ENSMUSP00000014080	0	0	0	0	0.597	0	0	0.100	0.622
Myl9	Myh6	2107840	2107169	10090.ENSMUSP00000085913	10090.ENSMUSP00000080538	0	0	0	0	0.082	0.264	0	0.486	0.622
Myom1	Actn2	2105809	2104973	10090.ENSMUSP00000072945	10090.ENSMUSP00000067708	0	0	0	0	0.531	0	0	0.227	0.622
Myh6	Lmod2	2107169	2098279	10090.ENSMUSP00000080538	10090.ENSMUSP00000031694	0	0	0	0	0.538	0	0	0.214	0.621
Pygm	Srl	2101675	2095751	10090.ENSMUSP00000047564	10090.ENSMUSP00000023161	0	0	0	0	0.591	0	0	0.112	0.621
Lmo7	Ldb3	2109908	2095468	10090.ENSMUSP00000097910	10090.ENSMUSP00000022327	0	0	0	0	0	0	0	0.620	0.620
Myh6	Myl12b	2107169	2100738	10090.ENSMUSP00000080538	10090.ENSMUSP00000042364	0	0	0	0	0.082	0.264	0	0.480	0.617
Myh7	Myl12a	2110390	2096106	10090.ENSMUSP00000099867	10090.ENSMUSP00000024846	0	0	0	0	0.082	0.264	0	0.480	0.617
Myh6	Myl12a	2107169	2096106	10090.ENSMUSP00000080538	10090.ENSMUSP00000024846	0	0	0	0	0.082	0.264	0	0.480	0.617
Ldb3	Lims1	2095468	2094759	10090.ENSMUSP00000022327	10090.ENSMUSP00000020077	0	0	0	0.673	0	0.597	0	0.170	0.614
Myh7	Nkx2-5	2110390	2094303	10090.ENSMUSP00000099867	10090.ENSMUSP00000015723	0	0	0	0	0	0	0	0.613	0.613
Tns1	Actc1	2113509	2108054	10090.ENSMUSP00000127715	10090.ENSMUSP00000087736	0	0	0	0	0	0	0.527	0.210	0.610
Lmod2	Myl2	2098279	2094186	10090.ENSMUSP00000031694	10090.ENSMUSP00000014080	0	0	0	0	0.514	0	0	0.228	0.609
Myh7	Myom1	2110390	2105809	10090.ENSMUSP00000099867	10090.ENSMUSP00000072945	0	0	0	0	0.132	0.073	0.540	0.067	0.608
Pln	Myoz2	2101341	2097637	10090.ENSMUSP00000045709	10090.ENSMUSP00000029761	0	0	0	0	0.585	0	0	0.092	0.607
Sae1	Psmd7	2108679	2100663	10090.ENSMUSP00000092409	10090.ENSMUSP00000041968	0.454	0	0	0	0.144	0.100	0	0.175	0.606
Tpm1	Srl	2102447	2095751	10090.ENSMUSP00000051888	10090.ENSMUSP00000023161	0	0	0	0	0.551	0	0	0.158	0.606
Srsf7	Trim55	2105431	2097428	10090.ENSMUSP00000070983	10090.ENSMUSP00000029139	0	0	0	0	0	0.606	0	0	0.606
Igf2	Ctnnb1	2112474	2093883	10090.ENSMUSP00000114076	10090.ENSMUSP00000007130	0	0	0	0	0	0	0.559	0.143	0.605
Gja5	Tbx20	2108127	2102578	10090.ENSMUSP00000088264	10090.ENSMUSP00000052591	0	0	0	0	0	0	0	0.604	0.604
Myoz2	Srl	2097637	2095751	10090.ENSMUSP00000029761	10090.ENSMUSP00000023161	0	0	0	0	0.567	0	0	0.125	0.604
Sfrp1	Ctnnb1	2098938	2093883	10090.ENSMUSP00000033952	10090.ENSMUSP00000007130	0	0	0	0	0	0.119	0	0.569	0.604
Vcan	Ctnnb1	2111276	2093883	10090.ENSMUSP00000105173	10090.ENSMUSP00000007130	0	0	0	0	0	0	0.559	0.137	0.603
Myh6	Srl	2107169	2095751	10090.ENSMUSP00000080538	10090.ENSMUSP00000023161	0	0	0	0	0.584	0	0	0.079	0.601
Csrp3	Casq2	2098542	2097519	10090.ENSMUSP00000032658	10090.ENSMUSP00000029454	0	0	0	0	0.548	0	0	0.152	0.600
Pln	Csrp3	2101341	2098542	10090.ENSMUSP00000045709	10090.ENSMUSP00000032658	0	0	0	0	0.537	0	0	0.173	0.600
Mybpc3	Actc1	2113406	2108054	10090.ENSMUSP00000127070	10090.ENSMUSP00000087736	0	0	0	0	0.324	0	0	0.431	0.598
Dcn	Col1a1	2110657	2093250	10090.ENSMUSP00000100924	10090.ENSMUSP00000001547	0	0	0	0	0.392	0.165	0	0.271	0.597
Cav3	Tcap	2106166	2093939	10090.ENSMUSP00000074922	10090.ENSMUSP00000008021	0	0	0	0	0.338	0	0	0.416	0.597
Srl	Tcap	2095751	2093939	10090.ENSMUSP00000023161	10090.ENSMUSP00000008021	0	0	0	0	0.560	0	0	0.119	0.595
Actn2	Pdlim3	2104973	2098976	10090.ENSMUSP00000067708	10090.ENSMUSP00000034053	0	0	0	0	0.354	0.232	0	0.249	0.595
Cav3	Srl	2106166	2095751	10090.ENSMUSP00000074922	10090.ENSMUSP00000023161	0	0	0	0	0.528	0	0	0.174	0.593
Mybpc3	Pln	2113406	2101341	10090.ENSMUSP00000127070	10090.ENSMUSP00000045709	0	0	0	0	0.550	0	0	0.134	0.593
Actn2	Atp2a2	2104973	2098192	10090.ENSMUSP00000067708	10090.ENSMUSP00000031423	0	0	0	0	0.354	0.064	0	0.375	0.589
Tns1	Lims1	2113509	2094759	10090.ENSMUSP00000127715	10090.ENSMUSP00000020077	0	0	0	0	0	0	0.559	0.106	0.588
Actn2	Casq2	2104973	2097519	10090.ENSMUSP00000067708	10090.ENSMUSP00000029454	0	0	0	0	0.551	0	0	0.116	0.586
Hand2	Gata6	2101191	2100611	10090.ENSMUSP00000044983	10090.ENSMUSP00000041774	0	0	0	0	0	0.063	0	0.574	0.584
Actc1	Nkx2-5	2108054	2094303	10090.ENSMUSP00000087736	10090.ENSMUSP00000015723	0	0	0	0	0.112	0	0	0.551	0.584
Myom1	Tcap	2105809	2093939	10090.ENSMUSP00000072945	10090.ENSMUSP00000008021	0	0	0	0	0.512	0	0	0.182	0.583
Srl	Myl2	2095751	2094186	10090.ENSMUSP00000023161	10090.ENSMUSP00000014080	0	0	0	0	0.534	0	0	0.140	0.582
Myh6	Unc45b	2107169	2094586	10090.ENSMUSP00000080538	10090.ENSMUSP00000018989	0	0	0	0	0	0.299	0	0.427	0.581
Cbx5	Adnp	2111157	2103308	10090.ENSMUSP00000104441	10090.ENSMUSP00000056809	0	0	0	0	0	0.565	0	0.075	0.580
Trim63	Csrp3	2110754	2098542	10090.ENSMUSP00000101501	10090.ENSMUSP00000032658	0	0	0	0	0.148	0	0	0.528	0.580
Actc1	Ctnnb1	2108054	2093883	10090.ENSMUSP00000087736	10090.ENSMUSP00000007130	0	0	0	0	0	0	0.527	0.145	0.578
Myom1	Casq2	2105809	2097519	10090.ENSMUSP00000072945	10090.ENSMUSP00000029454	0	0	0	0	0.510	0	0	0.176	0.578
Myh7	Unc45b	2110390	2094586	10090.ENSMUSP00000099867	10090.ENSMUSP00000018989	0	0	0	0	0	0.299	0	0.421	0.576
Myom1	Pygm	2105809	2101675	10090.ENSMUSP00000072945	10090.ENSMUSP00000047564	0	0	0	0	0.566	0	0	0.064	0.576
Actc1	Tcap	2108054	2093939	10090.ENSMUSP00000087736	10090.ENSMUSP00000008021	0	0	0	0	0.256	0	0	0.453	0.575
Pln	Myl2	2101341	2094186	10090.ENSMUSP00000045709	10090.ENSMUSP00000014080	0	0	0	0	0.491	0	0	0.201	0.575
Tmsb4x	Lims1	2111622	2094759	10090.ENSMUSP00000107795	10090.ENSMUSP00000020077	0	0	0	0	0	0.574	0	0	0.574
Pln	Mb	2101341	2094593	10090.ENSMUSP00000045709	10090.ENSMUSP00000019037	0	0	0	0	0.536	0	0	0.119	0.573
Tns1	Srl	2113509	2095751	10090.ENSMUSP00000127715	10090.ENSMUSP00000023161	0	0	0	0	0.073	0	0	0.558	0.573
Tpm1	Myoz2	2102447	2097637	10090.ENSMUSP00000051888	10090.ENSMUSP00000029761	0	0	0	0	0.501	0	0	0.173	0.570
Ttn	Pygm	2111579	2101675	10090.ENSMUSP00000107477	10090.ENSMUSP00000047564	0	0	0	0	0.570	0	0	0	0.570
Ctnna1	Spnb2	2101964	2093827	10090.ENSMUSP00000049007	10090.ENSMUSP00000006629	0	0	0	0	0	0.166	0	0.504	0.569
Cpt1b	Lpl	2111240	2094301	10090.ENSMUSP00000104936	10090.ENSMUSP00000015712	0	0	0	0	0	0	0.519	0.142	0.569
Srl	Mb	2095751	2094593	10090.ENSMUSP00000023161	10090.ENSMUSP00000019037	0	0	0	0	0.568	0	0	0	0.568
Pygm	Mb	2101675	2094593	10090.ENSMUSP00000047564	10090.ENSMUSP00000019037	0	0	0	0	0.535	0	0	0.107	0.567
Gata4	Atp2a2	2112450	2098192	10090.ENSMUSP00000113891	10090.ENSMUSP00000031423	0	0	0	0	0	0.106	0	0.536	0.567
Ttn	Cav3	2111579	2106166	10090.ENSMUSP00000107477	10090.ENSMUSP00000074922	0	0	0	0	0.513	0	0	0.144	0.566
Gja1	Ctnna1	2104535	2101964	10090.ENSMUSP00000064536	10090.ENSMUSP00000049007	0	0	0	0	0	0	0.494	0.176	0.565
Cav3	Ldb3	2106166	2095468	10090.ENSMUSP00000074922	10090.ENSMUSP00000022327	0	0	0	0	0.454	0	0	0.236	0.565
Myh6	Mb	2107169	2094593	10090.ENSMUSP00000080538	10090.ENSMUSP00000019037	0	0	0	0	0.549	0	0	0.075	0.565
Adprhl1	Csrp3	2098895	2098542	10090.ENSMUSP00000033825	10090.ENSMUSP00000032658	0	0	0	0	0.564	0	0	0	0.564
Ttn	Myh7	2111579	2110390	10090.ENSMUSP00000107477	10090.ENSMUSP00000099867	0	0	0	0	0.401	0	0	0.300	0.563
Actc1	Arpc2	2108054	2093808	10090.ENSMUSP00000087736	10090.ENSMUSP00000006467	0	0	0	0	0	0.329	0	0.374	0.562
Tbx20	Gata6	2102578	2100611	10090.ENSMUSP00000052591	10090.ENSMUSP00000041774	0	0	0	0	0	0	0	0.558	0.558
Casq2	Ldb3	2097519	2095468	10090.ENSMUSP00000029454	10090.ENSMUSP00000022327	0	0	0	0	0.543	0	0	0.073	0.558
Bzw1	Ctnnb1	2102455	2093883	10090.ENSMUSP00000051935	10090.ENSMUSP00000007130	0	0	0	0	0.557	0	0	0	0.557
Actc1	Casq2	2108054	2097519	10090.ENSMUSP00000087736	10090.ENSMUSP00000029454	0	0	0	0	0.479	0	0	0.185	0.557
Pln	Atp1a1	2101341	2100230	10090.ENSMUSP00000045709	10090.ENSMUSP00000039657	0	0	0	0	0	0.113	0.360	0.281	0.556
Myom1	Myl2	2105809	2094186	10090.ENSMUSP00000072945	10090.ENSMUSP00000014080	0	0	0	0	0.484	0	0	0.172	0.555
Hif1a	Hey2	2095207	2094709	10090.ENSMUSP00000021530	10090.ENSMUSP00000019924	0	0	0	0	0	0	0.463	0.206	0.555
Nppb	Myl2	2110233	2094186	10090.ENSMUSP00000099521	10090.ENSMUSP00000014080	0	0	0	0	0.480	0	0	0.179	0.555
Myh7	Myl4	2110390	2094566	10090.ENSMUSP00000099867	10090.ENSMUSP00000018800	0	0	0	0	0.078	0.198	0	0.443	0.552
Adprhl1	Casq2	2098895	2097519	10090.ENSMUSP00000033825	10090.ENSMUSP00000029454	0	0	0	0	0.551	0	0	0	0.551
Gja1	Myl2	2104535	2094186	10090.ENSMUSP00000064536	10090.ENSMUSP00000014080	0	0	0	0	0	0	0	0.551	0.551
Tbx20	Myl2	2102578	2094186	10090.ENSMUSP00000052591	10090.ENSMUSP00000014080	0	0	0	0	0	0	0	0.550	0.550
Pln	Lmod2	2101341	2098279	10090.ENSMUSP00000045709	10090.ENSMUSP00000031694	0	0	0	0	0.550	0	0	0	0.550
Myom1	Myoz2	2105809	2097637	10090.ENSMUSP00000072945	10090.ENSMUSP00000029761	0	0	0	0	0.550	0	0	0	0.550
Cav3	Actn2	2106166	2104973	10090.ENSMUSP00000074922	10090.ENSMUSP00000067708	0	0	0	0	0.515	0	0	0.110	0.550
Casq2	Mb	2097519	2094593	10090.ENSMUSP00000029454	10090.ENSMUSP00000019037	0	0	0	0	0.550	0	0	0	0.550
Adprhl1	Myl2	2098895	2094186	10090.ENSMUSP00000033825	10090.ENSMUSP00000014080	0	0	0	0	0.548	0	0	0	0.548
Adprhl1	Ldb3	2098895	2095468	10090.ENSMUSP00000033825	10090.ENSMUSP00000022327	0	0	0	0	0.547	0	0	0	0.547
Actn2	Parva	2104973	2098656	10090.ENSMUSP00000067708	10090.ENSMUSP00000033030	0	0	0	0	0	0	0.439	0.225	0.546
Actc1	Des	2108054	2096890	10090.ENSMUSP00000087736	10090.ENSMUSP00000027409	0	0	0	0	0.367	0.102	0	0.265	0.545
Myh7	Myh6	2110390	2107169	10090.ENSMUSP00000099867	10090.ENSMUSP00000080538	0	0	0	0.989	0	0	0.540	0.826	0.544
Actc1	Pln	2108054	2101341	10090.ENSMUSP00000087736	10090.ENSMUSP00000045709	0	0	0	0	0.512	0	0	0.105	0.544
Myom1	Mb	2105809	2094593	10090.ENSMUSP00000072945	10090.ENSMUSP00000019037	0	0	0	0	0.544	0	0	0	0.544
Pln	Srl	2101341	2095751	10090.ENSMUSP00000045709	10090.ENSMUSP00000023161	0	0	0	0	0.505	0	0	0.118	0.544
Myom1	Srl	2105809	2095751	10090.ENSMUSP00000072945	10090.ENSMUSP00000023161	0	0	0	0	0.543	0	0	0	0.543
Myom1	Csrp3	2105809	2098542	10090.ENSMUSP00000072945	10090.ENSMUSP00000032658	0	0	0	0	0.510	0	0	0.107	0.543
Des	Ldb3	2096890	2095468	10090.ENSMUSP00000027409	10090.ENSMUSP00000022327	0	0	0	0	0.437	0	0	0.221	0.543
Actc1	Mb	2108054	2094593	10090.ENSMUSP00000087736	10090.ENSMUSP00000019037	0	0	0	0	0.517	0	0	0.091	0.542
Ryr2	Myl2	2095277	2094186	10090.ENSMUSP00000021750	10090.ENSMUSP00000014080	0	0	0	0	0.336	0	0	0.338	0.541
Gja5	Myl2	2108127	2094186	10090.ENSMUSP00000088264	10090.ENSMUSP00000014080	0	0	0	0	0	0	0	0.540	0.540
Pygm	Csrp3	2101675	2098542	10090.ENSMUSP00000047564	10090.ENSMUSP00000032658	0	0	0	0	0.519	0	0	0.080	0.539
Myh6	Tbx20	2107169	2102578	10090.ENSMUSP00000080538	10090.ENSMUSP00000052591	0	0	0	0	0	0	0	0.539	0.539
Nppb	Myh6	2110233	2107169	10090.ENSMUSP00000099521	10090.ENSMUSP00000080538	0	0	0	0	0.494	0	0	0.127	0.539
Ttn	Mlip	2111579	2099292	10090.ENSMUSP00000107477	10090.ENSMUSP00000034910	0	0	0	0	0.538	0	0	0	0.538
Myh6	Adprhl1	2107169	2098895	10090.ENSMUSP00000080538	10090.ENSMUSP00000033825	0	0	0	0	0.537	0	0	0	0.537
Actc1	Ctnna1	2108054	2101964	10090.ENSMUSP00000087736	10090.ENSMUSP00000049007	0	0	0	0	0	0.064	0.491	0.108	0.537
Actn2	Ctnnd1	2104973	2104530	10090.ENSMUSP00000067708	10090.ENSMUSP00000064518	0	0	0	0	0	0	0.466	0.168	0.536
Mybpc3	Casq2	2113406	2097519	10090.ENSMUSP00000127070	10090.ENSMUSP00000029454	0	0	0	0	0.483	0	0	0.138	0.535
Ttn	Synpo2l	2111579	2102674	10090.ENSMUSP00000107477	10090.ENSMUSP00000053176	0	0	0	0	0.533	0	0	0	0.533
Hey2	Nkx2-5	2094709	2094303	10090.ENSMUSP00000019924	10090.ENSMUSP00000015723	0	0	0	0	0	0	0	0.532	0.532
Actn2	Cox8b	2104973	2096656	10090.ENSMUSP00000067708	10090.ENSMUSP00000026561	0	0	0	0	0.518	0	0	0.069	0.532
Cox8b	Tcap	2096656	2093939	10090.ENSMUSP00000026561	10090.ENSMUSP00000008021	0	0	0	0	0.531	0	0	0	0.531
Mdh1	Atp5o	2110423	2095906	10090.ENSMUSP00000099938	10090.ENSMUSP00000023677	0.066	0	0	0	0.465	0	0	0.132	0.529
Lmod2	Mb	2098279	2094593	10090.ENSMUSP00000031694	10090.ENSMUSP00000019037	0	0	0	0	0.529	0	0	0	0.529
Hand2	Myl2	2101191	2094186	10090.ENSMUSP00000044983	10090.ENSMUSP00000014080	0	0	0	0	0	0	0	0.526	0.526
Actn2	Cap2	2104973	2095295	10090.ENSMUSP00000067708	10090.ENSMUSP00000021802	0	0	0	0	0.388	0.099	0	0.208	0.525
Zmynd11	Smyd1	2111447	2105977	10090.ENSMUSP00000106264	10090.ENSMUSP00000073911	0	0	0	0	0	0.065	0	0.512	0.525
Myh6	Gja1	2107169	2104535	10090.ENSMUSP00000080538	10090.ENSMUSP00000064536	0	0	0	0	0	0	0	0.525	0.525
Ergic1	Sept7	2114384	2113498	10090.ENSMUSP00000132922	10090.ENSMUSP00000127641	0	0	0	0	0	0	0	0.523	0.523
Csnk1a1	Unc45b	2113706	2094586	10090.ENSMUSP00000128871	10090.ENSMUSP00000018989	0	0	0	0	0	0.207	0	0.422	0.522
Adprhl1	Myoz2	2098895	2097637	10090.ENSMUSP00000033825	10090.ENSMUSP00000029761	0	0	0	0	0.521	0	0	0	0.521
Cox8b	Ldb3	2096656	2095468	10090.ENSMUSP00000026561	10090.ENSMUSP00000022327	0	0	0	0	0.520	0	0	0	0.520
Synpo2l	Srl	2102674	2095751	10090.ENSMUSP00000053176	10090.ENSMUSP00000023161	0	0	0	0	0.520	0	0	0	0.520
Csrp3	Ryr2	2098542	2095277	10090.ENSMUSP00000032658	10090.ENSMUSP00000021750	0	0	0	0	0.397	0	0	0.237	0.520
Epb4.1l3	Spnb2	2106926	2093827	10090.ENSMUSP00000079098	10090.ENSMUSP00000006629	0	0	0	0	0.127	0.164	0	0.395	0.520
Pln	Adprhl1	2101341	2098895	10090.ENSMUSP00000045709	10090.ENSMUSP00000033825	0	0	0	0	0.520	0	0	0	0.520
Lmo7	Pdlim3	2109908	2098976	10090.ENSMUSP00000097910	10090.ENSMUSP00000034053	0	0	0	0	0	0	0	0.520	0.520
Tns1	Pdlim3	2113509	2098976	10090.ENSMUSP00000127715	10090.ENSMUSP00000034053	0	0	0	0	0.113	0.358	0	0.219	0.516
Actc1	Atp2a2	2108054	2098192	10090.ENSMUSP00000087736	10090.ENSMUSP00000031423	0	0	0	0	0.159	0.064	0	0.433	0.515
Mki67	Ctnnb1	2098739	2093883	10090.ENSMUSP00000033310	10090.ENSMUSP00000007130	0	0	0	0	0	0	0	0.515	0.515
Gja1	Atp2a2	2104535	2098192	10090.ENSMUSP00000064536	10090.ENSMUSP00000031423	0	0	0	0	0	0	0	0.513	0.513
Mybpc3	Ldb3	2113406	2095468	10090.ENSMUSP00000127070	10090.ENSMUSP00000022327	0	0	0	0	0.428	0	0	0.184	0.513
Myh6	Mlip	2107169	2099292	10090.ENSMUSP00000080538	10090.ENSMUSP00000034910	0	0	0	0	0.440	0	0	0.165	0.512
Actn2	Lmod2	2104973	2098279	10090.ENSMUSP00000067708	10090.ENSMUSP00000031694	0	0	0	0	0.511	0	0	0	0.512
Adprhl1	Mb	2098895	2094593	10090.ENSMUSP00000033825	10090.ENSMUSP00000019037	0	0	0	0	0.511	0	0	0	0.511
Adprhl1	Lmod2	2098895	2098279	10090.ENSMUSP00000033825	10090.ENSMUSP00000031694	0	0	0	0	0.497	0	0	0.066	0.510
Casq2	Tcap	2097519	2093939	10090.ENSMUSP00000029454	10090.ENSMUSP00000008021	0	0	0	0	0.423	0	0	0.179	0.507
Ttn	Adprhl1	2111579	2098895	10090.ENSMUSP00000107477	10090.ENSMUSP00000033825	0	0	0	0	0.507	0	0	0	0.507
Lmod2	Casq2	2098279	2097519	10090.ENSMUSP00000031694	10090.ENSMUSP00000029454	0	0	0	0	0.506	0	0	0	0.506
Nppb	Mb	2110233	2094593	10090.ENSMUSP00000099521	10090.ENSMUSP00000019037	0	0	0	0	0.451	0	0	0.138	0.506
Lmod2	Srl	2098279	2095751	10090.ENSMUSP00000031694	10090.ENSMUSP00000023161	0	0	0	0	0.506	0	0	0	0.506
Mlip	Ldb3	2099292	2095468	10090.ENSMUSP00000034910	10090.ENSMUSP00000022327	0	0	0	0	0.505	0	0	0	0.505
Cav3	Myom1	2106166	2105809	10090.ENSMUSP00000074922	10090.ENSMUSP00000072945	0	0	0	0	0.504	0	0	0	0.504
Cald1	Fhl2	2112037	2093949	10090.ENSMUSP00000110673	10090.ENSMUSP00000008280	0	0	0	0	0	0	0	0.503	0.504
Actn2	Pln	2104973	2101341	10090.ENSMUSP00000067708	10090.ENSMUSP00000045709	0	0	0	0	0.468	0	0	0.106	0.504
Mybpc3	Csrp3	2113406	2098542	10090.ENSMUSP00000127070	10090.ENSMUSP00000032658	0	0	0	0	0.439	0	0	0.152	0.504
Myom1	Des	2105809	2096890	10090.ENSMUSP00000072945	10090.ENSMUSP00000027409	0	0	0	0	0.504	0	0	0	0.504
Myh6	Pygm	2107169	2101675	10090.ENSMUSP00000080538	10090.ENSMUSP00000047564	0	0	0	0	0.431	0	0	0.165	0.504
Ttn	Cox8b	2111579	2096656	10090.ENSMUSP00000107477	10090.ENSMUSP00000026561	0	0	0	0	0.503	0	0	0	0.503
Myh7	Ldb3	2110390	2095468	10090.ENSMUSP00000099867	10090.ENSMUSP00000022327	0	0	0	0	0.210	0.094	0	0.358	0.501
Ttn	Trim55	2111579	2097428	10090.ENSMUSP00000107477	10090.ENSMUSP00000029139	0	0	0	0	0.095	0	0	0.471	0.501
Zmynd11	Smyd2	2111447	2097040	10090.ENSMUSP00000106264	10090.ENSMUSP00000027897	0	0	0	0	0	0.065	0	0.488	0.501
Ldb3	Asb2	2095468	2095235	10090.ENSMUSP00000022327	10090.ENSMUSP00000021617	0	0	0	0	0.431	0.113	0	0.089	0.500
Des	Asb2	2096890	2095235	10090.ENSMUSP00000027409	10090.ENSMUSP00000021617	0	0	0	0	0.488	0.065	0	0	0.500
Actn2	Synpo2l	2104973	2102674	10090.ENSMUSP00000067708	10090.ENSMUSP00000053176	0	0	0	0	0.478	0.083	0	0	0.500
Mlip	Srl	2099292	2095751	10090.ENSMUSP00000034910	10090.ENSMUSP00000023161	0	0	0	0	0.500	0	0	0	0.499
Trim63	Myoz2	2110754	2097637	10090.ENSMUSP00000101501	10090.ENSMUSP00000029761	0	0	0	0	0.205	0	0	0.395	0.498
Des	Srl	2096890	2095751	10090.ENSMUSP00000027409	10090.ENSMUSP00000023161	0	0	0	0	0.448	0	0	0.127	0.498
Igf2	Ctnna1	2112474	2101964	10090.ENSMUSP00000114076	10090.ENSMUSP00000049007	0	0	0	0	0	0	0.494	0.047	0.497
Lrrc10	Trim55	2105897	2097428	10090.ENSMUSP00000073502	10090.ENSMUSP00000029139	0	0	0	0	0	0	0	0.497	0.497
Cav3	Des	2106166	2096890	10090.ENSMUSP00000074922	10090.ENSMUSP00000027409	0	0	0	0	0.496	0	0	0	0.496
Pygm	Myoz2	2101675	2097637	10090.ENSMUSP00000047564	10090.ENSMUSP00000029761	0	0	0	0	0.431	0	0	0.152	0.496
Gata4	Ctnnb1	2112450	2093883	10090.ENSMUSP00000113891	10090.ENSMUSP00000007130	0	0	0	0	0	0	0	0.496	0.496
Myh6	Spnb2	2107169	2093827	10090.ENSMUSP00000080538	10090.ENSMUSP00000006629	0	0	0	0	0.071	0.215	0	0.363	0.495
Tns1	Ldb3	2113509	2095468	10090.ENSMUSP00000127715	10090.ENSMUSP00000022327	0	0	0	0	0	0.358	0	0.245	0.495
Pygm	Casq2	2101675	2097519	10090.ENSMUSP00000047564	10090.ENSMUSP00000029454	0	0	0	0	0.448	0	0	0.121	0.494
Myom1	Lmod2	2105809	2098279	10090.ENSMUSP00000072945	10090.ENSMUSP00000031694	0	0	0	0	0.493	0	0	0	0.493
Fhl2	Tcap	2093949	2093939	10090.ENSMUSP00000008280	10090.ENSMUSP00000008021	0	0	0	0	0	0	0	0.494	0.493
Nppb	Pln	2110233	2101341	10090.ENSMUSP00000099521	10090.ENSMUSP00000045709	0	0	0	0	0.493	0	0	0	0.493
Srl	Ryr2	2095751	2095277	10090.ENSMUSP00000023161	10090.ENSMUSP00000021750	0	0	0	0	0.348	0	0	0.252	0.492
Dcn	Postn	2110657	2105774	10090.ENSMUSP00000100924	10090.ENSMUSP00000072773	0	0	0	0	0.401	0	0	0.186	0.492
Igfbp5	Fhl2	2096879	2093949	10090.ENSMUSP00000027377	10090.ENSMUSP00000008280	0	0	0	0	0	0.134	0	0.437	0.492
Pygm	Myl2	2101675	2094186	10090.ENSMUSP00000047564	10090.ENSMUSP00000014080	0	0	0	0	0.490	0	0	0	0.490
Cox8b	Srl	2096656	2095751	10090.ENSMUSP00000026561	10090.ENSMUSP00000023161	0	0	0	0	0.489	0	0	0	0.489
Cav3	Pygm	2106166	2101675	10090.ENSMUSP00000074922	10090.ENSMUSP00000047564	0	0	0	0	0.420	0	0	0.153	0.487
Myom1	Asb2	2105809	2095235	10090.ENSMUSP00000072945	10090.ENSMUSP00000021617	0	0	0	0	0.488	0	0	0	0.487
Synpo2l	Ldb3	2102674	2095468	10090.ENSMUSP00000053176	10090.ENSMUSP00000022327	0	0	0	0.614	0.483	0	0	0.056	0.486
Myom1	Tpm1	2105809	2102447	10090.ENSMUSP00000072945	10090.ENSMUSP00000051888	0	0	0	0	0.460	0	0	0.088	0.486
Myh7	Spnb2	2110390	2093827	10090.ENSMUSP00000099867	10090.ENSMUSP00000006629	0	0	0	0	0.071	0.215	0	0.350	0.485
Hif1a	Id2	2095207	2095028	10090.ENSMUSP00000021530	10090.ENSMUSP00000020974	0	0	0	0	0	0	0.463	0.080	0.484
Tbx20	Hand2	2102578	2101191	10090.ENSMUSP00000052591	10090.ENSMUSP00000044983	0	0	0	0	0	0	0	0.482	0.482
Tpm1	Lmod2	2102447	2098279	10090.ENSMUSP00000051888	10090.ENSMUSP00000031694	0	0	0	0	0.248	0.073	0	0.316	0.482
Gja5	Gja1	2108127	2104535	10090.ENSMUSP00000088264	10090.ENSMUSP00000064536	0	0	0	0.893	0	0.134	0.360	0.980	0.482
Ppp1r14c	Ldb3	2101214	2095468	10090.ENSMUSP00000045110	10090.ENSMUSP00000022327	0	0	0	0	0.481	0	0	0	0.481
Actc1	Ryr2	2108054	2095277	10090.ENSMUSP00000087736	10090.ENSMUSP00000021750	0	0	0	0	0.204	0	0	0.375	0.481
Cav3	Csrp3	2106166	2098542	10090.ENSMUSP00000074922	10090.ENSMUSP00000032658	0	0	0	0	0.354	0	0	0.230	0.481
Stk39	Mrpl33	2110349	2098047	10090.ENSMUSP00000099776	10090.ENSMUSP00000031024	0	0	0	0	0	0	0	0.480	0.480
Adprhl1	Srl	2098895	2095751	10090.ENSMUSP00000033825	10090.ENSMUSP00000023161	0	0	0	0	0.480	0	0	0	0.480
Nppb	Csrp3	2110233	2098542	10090.ENSMUSP00000099521	10090.ENSMUSP00000032658	0	0	0	0	0.479	0	0	0	0.479
Pygm	Des	2101675	2096890	10090.ENSMUSP00000047564	10090.ENSMUSP00000027409	0	0	0	0	0.479	0	0	0	0.479
Smyd1	Unc45b	2105977	2094586	10090.ENSMUSP00000073911	10090.ENSMUSP00000018989	0	0	0	0	0.108	0	0	0.439	0.478
Actn2	Asb2	2104973	2095235	10090.ENSMUSP00000067708	10090.ENSMUSP00000021617	0	0	0	0	0.444	0.098	0	0	0.477
Rbpms	Dctn6	2098952	2098922	10090.ENSMUSP00000033995	10090.ENSMUSP00000033913	0	0	0	0	0	0	0	0.477	0.477
Myh6	Ppp1r14c	2107169	2101214	10090.ENSMUSP00000080538	10090.ENSMUSP00000045110	0	0	0	0	0.477	0	0	0	0.477
Cpt1b	Cox8b	2111240	2096656	10090.ENSMUSP00000104936	10090.ENSMUSP00000026561	0	0	0	0	0.477	0	0	0	0.477
Lrrc10	Cap2	2105897	2095295	10090.ENSMUSP00000073502	10090.ENSMUSP00000021802	0	0	0	0	0	0.242	0	0.338	0.476
Dcn	Cap2	2110657	2095295	10090.ENSMUSP00000100924	10090.ENSMUSP00000021802	0	0	0	0	0	0.242	0	0.338	0.476
Myoz2	Cox8b	2097637	2096656	10090.ENSMUSP00000029761	10090.ENSMUSP00000026561	0	0	0	0	0.476	0	0	0	0.476
Pln	Tcap	2101341	2093939	10090.ENSMUSP00000045709	10090.ENSMUSP00000008021	0	0	0	0	0.421	0	0	0.133	0.476
Tpm1	Myl12a	2102447	2096106	10090.ENSMUSP00000051888	10090.ENSMUSP00000024846	0	0	0	0	0.122	0.113	0	0.379	0.475
Cav3	Casq2	2106166	2097519	10090.ENSMUSP00000074922	10090.ENSMUSP00000029454	0	0	0	0	0.401	0	0	0.160	0.475
Smyd1	Hand2	2105977	2101191	10090.ENSMUSP00000073911	10090.ENSMUSP00000044983	0	0	0	0	0	0.088	0	0.448	0.475
Nppb	Ldb3	2110233	2095468	10090.ENSMUSP00000099521	10090.ENSMUSP00000022327	0	0	0	0	0.475	0	0	0	0.475
Actn2	Adprhl1	2104973	2098895	10090.ENSMUSP00000067708	10090.ENSMUSP00000033825	0	0	0	0	0.475	0	0	0	0.475
Tpm1	Mb	2102447	2094593	10090.ENSMUSP00000051888	10090.ENSMUSP00000019037	0	0	0	0	0.474	0	0	0	0.474
Myh6	Ankrd1	2107169	2096387	10090.ENSMUSP00000080538	10090.ENSMUSP00000025718	0	0	0	0	0.347	0.113	0	0.164	0.473
Mmadhc	Mmd	2110374	2093563	10090.ENSMUSP00000099830	10090.ENSMUSP00000004050	0	0	0	0	0	0	0	0.473	0.473
Myoz2	Ankrd1	2097637	2096387	10090.ENSMUSP00000029761	10090.ENSMUSP00000025718	0	0	0	0	0.251	0	0	0.324	0.472
Dcn	Lrrc10	2110657	2105897	10090.ENSMUSP00000100924	10090.ENSMUSP00000073502	0	0	0.471	0	0	0	0	0	0.471
Gja1	Ryr2	2104535	2095277	10090.ENSMUSP00000064536	10090.ENSMUSP00000021750	0	0	0	0	0	0	0	0.471	0.471
Actn2	Ryr2	2104973	2095277	10090.ENSMUSP00000067708	10090.ENSMUSP00000021750	0	0	0	0	0.200	0	0	0.364	0.470
Mlip	Casq2	2099292	2097519	10090.ENSMUSP00000034910	10090.ENSMUSP00000029454	0	0	0	0	0.470	0	0	0	0.470
Myoz2	Des	2097637	2096890	10090.ENSMUSP00000029761	10090.ENSMUSP00000027409	0	0	0	0	0.410	0	0	0.137	0.469
Pygm	Asb2	2101675	2095235	10090.ENSMUSP00000047564	10090.ENSMUSP00000021617	0	0	0	0	0.386	0	0	0.170	0.468
Myom1	Pln	2105809	2101341	10090.ENSMUSP00000072945	10090.ENSMUSP00000045709	0	0	0	0	0.448	0	0	0.068	0.463
Mlip	Csrp3	2099292	2098542	10090.ENSMUSP00000034910	10090.ENSMUSP00000032658	0	0	0	0	0.464	0	0	0	0.463
Tpm1	Cap2	2102447	2095295	10090.ENSMUSP00000051888	10090.ENSMUSP00000021802	0	0	0	0	0.192	0.085	0	0.332	0.463
Cav3	Myoz2	2106166	2097637	10090.ENSMUSP00000074922	10090.ENSMUSP00000029761	0	0	0	0	0.422	0	0	0.110	0.463
Mybpc3	Adprhl1	2113406	2098895	10090.ENSMUSP00000127070	10090.ENSMUSP00000033825	0	0	0	0	0.462	0	0	0	0.461
Gata6	Myl2	2100611	2094186	10090.ENSMUSP00000041774	10090.ENSMUSP00000014080	0	0	0	0	0	0.067	0	0.446	0.461
Myom1	Adprhl1	2105809	2098895	10090.ENSMUSP00000072945	10090.ENSMUSP00000033825	0	0	0	0	0.459	0	0	0	0.459
Pln	Mlip	2101341	2099292	10090.ENSMUSP00000045709	10090.ENSMUSP00000034910	0	0	0	0	0.460	0	0	0	0.459
Mrpl33	Atp5o	2098047	2095906	10090.ENSMUSP00000031024	10090.ENSMUSP00000023677	0	0	0	0	0.333	0	0	0.221	0.458
Cav3	Synpo2l	2106166	2102674	10090.ENSMUSP00000074922	10090.ENSMUSP00000053176	0	0	0	0	0.457	0	0	0	0.457
Actc1	Ankrd1	2108054	2096387	10090.ENSMUSP00000087736	10090.ENSMUSP00000025718	0	0	0	0	0.259	0.083	0	0.266	0.457
Ldb3	Cap2	2095468	2095295	10090.ENSMUSP00000022327	10090.ENSMUSP00000021802	0	0	0	0	0.424	0	0	0.096	0.457
Myom1	Cox8b	2105809	2096656	10090.ENSMUSP00000072945	10090.ENSMUSP00000026561	0	0	0	0	0.458	0	0	0	0.457
Ldb3	Ryr2	2095468	2095277	10090.ENSMUSP00000022327	10090.ENSMUSP00000021750	0	0	0	0	0.396	0	0	0.137	0.456
Pln	Ppp1r14c	2101341	2101214	10090.ENSMUSP00000045709	10090.ENSMUSP00000045110	0	0	0	0	0.456	0	0	0	0.456
Ttn	Fhl2	2111579	2093949	10090.ENSMUSP00000107477	10090.ENSMUSP00000008280	0	0	0	0	0	0.090	0	0.427	0.456
Slc8a1	Atp2a2	2107595	2098192	10090.ENSMUSP00000083725	10090.ENSMUSP00000031423	0	0	0	0	0	0.152	0	0.385	0.456
Rad23b	Gnb2l1	2097757	2094931	10090.ENSMUSP00000030134	10090.ENSMUSP00000020640	0	0	0	0	0.203	0.296	0	0.108	0.455
Actn2	Lims1	2104973	2094759	10090.ENSMUSP00000067708	10090.ENSMUSP00000020077	0	0	0	0	0	0	0.439	0.068	0.454
Pygm	Cox8b	2101675	2096656	10090.ENSMUSP00000047564	10090.ENSMUSP00000026561	0	0	0	0	0.452	0	0	0	0.453
Trim63	Ldb3	2110754	2095468	10090.ENSMUSP00000101501	10090.ENSMUSP00000022327	0	0	0	0	0.317	0	0	0.231	0.452
Adprhl1	Tcap	2098895	2093939	10090.ENSMUSP00000033825	10090.ENSMUSP00000008021	0	0	0	0	0.452	0	0	0	0.452
Myh7	Gja1	2110390	2104535	10090.ENSMUSP00000099867	10090.ENSMUSP00000064536	0	0	0	0	0	0	0	0.451	0.451
Gata4	Id2	2112450	2095028	10090.ENSMUSP00000113891	10090.ENSMUSP00000020974	0	0	0	0	0	0.270	0	0.274	0.448
Myom1	Mlip	2105809	2099292	10090.ENSMUSP00000072945	10090.ENSMUSP00000034910	0	0	0	0	0.447	0	0	0	0.447
Ankrd1	Myl2	2096387	2094186	10090.ENSMUSP00000025718	10090.ENSMUSP00000014080	0	0	0	0	0.198	0.103	0	0.293	0.447
Trim55	Unc45b	2097428	2094586	10090.ENSMUSP00000029139	10090.ENSMUSP00000018989	0	0	0	0	0	0	0	0.447	0.447
Myh6	Gata6	2107169	2100611	10090.ENSMUSP00000080538	10090.ENSMUSP00000041774	0	0	0	0	0	0	0	0.446	0.446
Atp1a1	Atp2a2	2100230	2098192	10090.ENSMUSP00000039657	10090.ENSMUSP00000031423	0	0	0.525	0.741	0.277	0.083	0	0.314	0.443
Myh6	Hand2	2107169	2101191	10090.ENSMUSP00000080538	10090.ENSMUSP00000044983	0	0	0	0	0	0	0	0.439	0.439
Nppb	Adprhl1	2110233	2098895	10090.ENSMUSP00000099521	10090.ENSMUSP00000033825	0	0	0	0	0.438	0	0	0	0.438
Myom1	Synpo2l	2105809	2102674	10090.ENSMUSP00000072945	10090.ENSMUSP00000053176	0	0	0	0	0.438	0	0	0	0.438
Lmod2	Jph2	2098279	2094472	10090.ENSMUSP00000031694	10090.ENSMUSP00000017961	0	0	0	0	0.113	0	0	0.393	0.438
Actc1	Nebl	2108054	2097094	10090.ENSMUSP00000087736	10090.ENSMUSP00000028080	0	0	0	0	0	0.064	0	0.424	0.437
Myh6	Asb2	2107169	2095235	10090.ENSMUSP00000080538	10090.ENSMUSP00000021617	0	0	0	0	0.297	0.113	0	0.168	0.436
Mlip	Adprhl1	2099292	2098895	10090.ENSMUSP00000034910	10090.ENSMUSP00000033825	0	0	0	0	0.434	0	0	0	0.434
Ppp1r14c	Mb	2101214	2094593	10090.ENSMUSP00000045110	10090.ENSMUSP00000019037	0	0	0	0	0.433	0	0	0	0.433
Tpm1	Atp2a2	2102447	2098192	10090.ENSMUSP00000051888	10090.ENSMUSP00000031423	0	0	0	0	0.261	0	0	0.263	0.433
Ttn	Ryr2	2111579	2095277	10090.ENSMUSP00000107477	10090.ENSMUSP00000021750	0	0	0	0	0.255	0	0	0.268	0.432
Trim63	Myh7	2110754	2110390	10090.ENSMUSP00000101501	10090.ENSMUSP00000099867	0	0	0	0	0	0	0	0.432	0.432
Mlip	Myl2	2099292	2094186	10090.ENSMUSP00000034910	10090.ENSMUSP00000014080	0	0	0	0	0.432	0	0	0	0.432
Actc1	Smyd1	2108054	2105977	10090.ENSMUSP00000087736	10090.ENSMUSP00000073911	0	0	0	0	0.116	0.120	0	0.326	0.430
Synpo2l	Mlip	2102674	2099292	10090.ENSMUSP00000053176	10090.ENSMUSP00000034910	0	0	0	0	0.429	0	0	0	0.429
Anxa6	Hspa9	2111169	2096219	10090.ENSMUSP00000104511	10090.ENSMUSP00000025217	0	0	0	0	0	0.063	0	0.415	0.429
Nkx2-5	Ctnnb1	2094303	2093883	10090.ENSMUSP00000015723	10090.ENSMUSP00000007130	0	0	0	0	0	0	0	0.428	0.428
Myh6	Cap2	2107169	2095295	10090.ENSMUSP00000080538	10090.ENSMUSP00000021802	0	0	0	0	0.286	0.092	0	0.186	0.426
Nppb	Myoz2	2110233	2097637	10090.ENSMUSP00000099521	10090.ENSMUSP00000029761	0	0	0	0	0.427	0	0	0	0.426
Ppp1r14c	Csrp3	2101214	2098542	10090.ENSMUSP00000045110	10090.ENSMUSP00000032658	0	0	0	0	0.427	0	0	0	0.426
Pdlim3	Des	2098976	2096890	10090.ENSMUSP00000034053	10090.ENSMUSP00000027409	0	0	0	0	0.409	0	0	0.066	0.424
Smyd2	Unc45b	2097040	2094586	10090.ENSMUSP00000027897	10090.ENSMUSP00000018989	0	0	0	0	0	0	0	0.423	0.424
Actc1	Myom1	2108054	2105809	10090.ENSMUSP00000087736	10090.ENSMUSP00000072945	0	0	0	0	0.387	0	0	0.100	0.424
Tpm1	Pygm	2102447	2101675	10090.ENSMUSP00000051888	10090.ENSMUSP00000047564	0	0	0	0	0.403	0	0	0.074	0.424
Sept7	Bzw1	2113498	2102455	10090.ENSMUSP00000127641	10090.ENSMUSP00000051935	0	0	0	0	0.424	0	0	0	0.424
Atp2a2	Nkx2-5	2098192	2094303	10090.ENSMUSP00000031423	10090.ENSMUSP00000015723	0	0	0	0	0	0	0	0.422	0.422
Nppb	Lmod2	2110233	2098279	10090.ENSMUSP00000099521	10090.ENSMUSP00000031694	0	0	0	0	0.422	0	0	0	0.422
Tns1	Spnb2	2113509	2093827	10090.ENSMUSP00000127715	10090.ENSMUSP00000006629	0	0	0	0	0.190	0.244	0	0.129	0.420
Nppb	Actc1	2110233	2108054	10090.ENSMUSP00000099521	10090.ENSMUSP00000087736	0	0	0	0	0.420	0	0	0	0.420
Atp5o	Atp6v0e	2095906	2094302	10090.ENSMUSP00000023677	10090.ENSMUSP00000015719	0	0	0	0	0.130	0	0.360	0	0.419
Myl9	Unc45b	2107840	2094586	10090.ENSMUSP00000085913	10090.ENSMUSP00000018989	0	0	0	0	0	0.159	0	0.337	0.418
Myl12b	Unc45b	2100738	2094586	10090.ENSMUSP00000042364	10090.ENSMUSP00000018989	0	0	0	0	0	0.159	0	0.337	0.418
Actc1	Srl	2108054	2095751	10090.ENSMUSP00000087736	10090.ENSMUSP00000023161	0	0	0	0	0.407	0	0	0.059	0.418
Myl12a	Unc45b	2096106	2094586	10090.ENSMUSP00000024846	10090.ENSMUSP00000018989	0	0	0	0	0	0.159	0	0.337	0.418
Actc1	Tbx20	2108054	2102578	10090.ENSMUSP00000087736	10090.ENSMUSP00000052591	0	0	0	0	0	0	0	0.417	0.416
Id2	Nkx2-5	2095028	2094303	10090.ENSMUSP00000020974	10090.ENSMUSP00000015723	0	0	0	0	0	0.164	0	0.329	0.415
Sept7	Trim55	2113498	2097428	10090.ENSMUSP00000127641	10090.ENSMUSP00000029139	0	0	0	0	0	0.415	0	0	0.414
Ccdc141	Smyd1	2113680	2105977	10090.ENSMUSP00000128736	10090.ENSMUSP00000073911	0	0	0	0	0	0	0	0.414	0.414
Nppb	Casq2	2110233	2097519	10090.ENSMUSP00000099521	10090.ENSMUSP00000029454	0	0	0	0	0.414	0	0	0	0.414
Mmadhc	Vdac3	2110374	2093985	10090.ENSMUSP00000099830	10090.ENSMUSP00000009036	0	0	0	0	0.414	0	0	0	0.414
Col18a1	Hif1a	2110681	2095207	10090.ENSMUSP00000101049	10090.ENSMUSP00000021530	0	0	0	0	0	0	0	0.414	0.414
Ldb3	Spnb2	2095468	2093827	10090.ENSMUSP00000022327	10090.ENSMUSP00000006629	0	0	0	0	0.097	0.281	0	0.169	0.413
Csrp3	Nkx2-5	2098542	2094303	10090.ENSMUSP00000032658	10090.ENSMUSP00000015723	0	0	0	0	0	0	0	0.413	0.412
Mlip	Cox8b	2099292	2096656	10090.ENSMUSP00000034910	10090.ENSMUSP00000026561	0	0	0	0	0.412	0	0	0	0.412
Pygm	Lmod2	2101675	2098279	10090.ENSMUSP00000047564	10090.ENSMUSP00000031694	0	0	0	0	0.412	0	0	0	0.412
Gja5	Hey2	2108127	2094709	10090.ENSMUSP00000088264	10090.ENSMUSP00000019924	0	0	0	0	0	0	0	0.412	0.412
Csrp3	Cox8b	2098542	2096656	10090.ENSMUSP00000032658	10090.ENSMUSP00000026561	0	0	0	0	0.394	0	0	0.070	0.412
Gja5	Ryr2	2108127	2095277	10090.ENSMUSP00000088264	10090.ENSMUSP00000021750	0	0	0	0	0	0	0	0.411	0.411
Mlip	Lmod2	2099292	2098279	10090.ENSMUSP00000034910	10090.ENSMUSP00000031694	0	0	0	0	0.411	0	0	0	0.411
Unc45b	Myl2	2094586	2094186	10090.ENSMUSP00000018989	10090.ENSMUSP00000014080	0	0	0	0	0	0.159	0	0.328	0.410
Actc1	Lmod2	2108054	2098279	10090.ENSMUSP00000087736	10090.ENSMUSP00000031694	0	0	0	0	0.351	0.084	0	0.085	0.408
Myom1	Cap2	2105809	2095295	10090.ENSMUSP00000072945	10090.ENSMUSP00000021802	0	0	0	0	0.408	0	0	0	0.408
Pdlim3	Cox8b	2098976	2096656	10090.ENSMUSP00000034053	10090.ENSMUSP00000026561	0	0	0	0	0.351	0	0	0.124	0.407
Ttn	Asb2	2111579	2095235	10090.ENSMUSP00000107477	10090.ENSMUSP00000021617	0	0	0	0	0.407	0	0	0	0.407
Synpo2l	Casq2	2102674	2097519	10090.ENSMUSP00000053176	10090.ENSMUSP00000029454	0	0	0	0	0.407	0	0	0	0.407
Atp5o	Ctnnb1	2095906	2093883	10090.ENSMUSP00000023677	10090.ENSMUSP00000007130	0.388	0	0	0	0.070	0	0	0	0.406
Tead1	Prkar1a	2103942	2103250	10090.ENSMUSP00000060671	10090.ENSMUSP00000056500	0	0	0	0	0	0.222	0	0.267	0.405
Txndc5	Ssr3	2100629	2097500	10090.ENSMUSP00000041839	10090.ENSMUSP00000029414	0	0	0	0	0.151	0	0	0.327	0.405
Pygm	Cap2	2101675	2095295	10090.ENSMUSP00000047564	10090.ENSMUSP00000021802	0	0	0	0	0.404	0	0	0	0.404
Ppp1r14c	Myoz2	2101214	2097637	10090.ENSMUSP00000045110	10090.ENSMUSP00000029761	0	0	0	0	0.404	0	0	0	0.404
Cav3	Mlip	2106166	2099292	10090.ENSMUSP00000074922	10090.ENSMUSP00000034910	0	0	0	0	0.402	0	0	0	0.402
Synpo2l	Pygm	2102674	2101675	10090.ENSMUSP00000053176	10090.ENSMUSP00000047564	0	0	0	0	0.402	0	0	0	0.402
Myh7	Mb	2110390	2094593	10090.ENSMUSP00000099867	10090.ENSMUSP00000019037	0	0	0	0	0.357	0	0	0.107	0.401
Actc1	Vdac3	2108054	2093985	10090.ENSMUSP00000087736	10090.ENSMUSP00000009036	0	0	0	0	0.107	0.065	0	0.340	0.401
Srl	Cap2	2095751	2095295	10090.ENSMUSP00000023161	10090.ENSMUSP00000021802	0	0	0	0	0.400	0	0	0	0.400
Actc1	Adprhl1	2108054	2098895	10090.ENSMUSP00000087736	10090.ENSMUSP00000033825	0	0	0	0	0.401	0	0	0	0.400
Smyd1	Csrp3	2105977	2098542	10090.ENSMUSP00000073911	10090.ENSMUSP00000032658	0	0	0	0	0.136	0	0	0.334	0.400
Pygm	Mlip	2101675	2099292	10090.ENSMUSP00000047564	10090.ENSMUSP00000034910	0	0	0	0	0.401	0	0	0	0.400
Mlip	Myoz2	2099292	2097637	10090.ENSMUSP00000034910	10090.ENSMUSP00000029761	0	0	0	0	0.400	0	0	0	0.400